ProductNumber,USWholeSalePrice
751005FCZ,0
191029CZ-48,0
191029CZ-50,0
191029CZ-52,0
191029CZ-54,0
191029CZ-56,0
191029CZ-58,0
191029CZ-60,0
290750CZ,0
390405CZ-70,0
792104CZ,0
792131ENMX,0
ENG790921-1,0
ENG790921-2,0
ENG790921-3,0
ENG790921-4,0
ENG790924-1,0
ENG790924-2,0
ENG790924-3,0
ENG791026-1,0
ENG791169-10,0
ENG791169-11,0
ENG791169-12,0
ENG791169-13,0
ENG791169-14,0
ENG791169-15,0
ENG791169-16,0
ENG791169-17,0
ENG791169-18,0
ENG791169-19,0
ENG791169-2,0
ENG791169-3,0
ENG791169-4,0
ENG791169-5,0
ENG791169-6,0
ENG791169-7,0
ENG791169-8,0
ENG791169-9,0
ENG791617CZ-1,0
ENG791618CZ-1,0
ENG791618CZ-2,0
ENG791631CZ-1,0
396580-60,0
596585FPC-1,0
596585FPC-2,0
596585FPC-3,0
ENG790137_10,0
ENG790137_15,0
ENG792016CZ_23,0
ENG792016CZ_24,0
ENG792016CZ_25,0
USB797000,0
B801006,0
